start,end,nbodies,niter,threads
3446695.589223,3446841.102903,4096,1000,1
3448025.477050,3448165.749174,4096,1000,1
3448165.763433,3448245.062299,4096,1000,2
3448245.078612,3448302.472956,4096,1000,3
3448302.489195,3448350.725754,4096,1000,4
3448350.741829,3448389.543253,4096,1000,5
3448389.553679,3448421.988361,4096,1000,6
3448421.996562,3448447.745718,4096,1000,7
3448447.761029,3448472.324937,4096,1000,8
3448472.336511,3448494.031258,4096,1000,9
3448494.047660,3448513.201990,4096,1000,10
3448513.209882,3448531.815926,4096,1000,11
3448531.823826,3448546.396792,4096,1000,12
3448546.403963,3448562.408861,4096,1000,13
3448562.421194,3448575.642033,4096,1000,14
3450478.792465,3451047.802550,8192,1000,1
3451047.830576,3451369.444436,8192,1000,2
3451369.471907,3451648.840034,8192,1000,3
3454233.296079,3454443.104016,8192,1000,4
3454443.131830,3454619.609622,8192,1000,5
3454619.635494,3454765.402031,8192,1000,6
3454765.430340,3454885.903168,8192,1000,7
3454885.917802,3454995.129619,8192,1000,8
3454995.157328,3455102.218312,8192,1000,9
3455102.244474,3455189.855759,8192,1000,10
3455189.869313,3455276.588539,8192,1000,11
3455276.602816,3455338.951807,8192,1000,12
3455338.965693,3455417.397484,8192,1000,13
3455417.416066,3455471.786659,8192,1000,14
3456973.882375,3456983.656189,1024,1000,1
3456983.662990,3456988.834146,1024,1000,2
3456988.843079,3456993.195229,1024,1000,3
3456993.202151,3456996.557949,1024,1000,4
3456996.564347,3456999.448309,1024,1000,5
3456999.452070,3457001.674499,1024,1000,6
3457001.677952,3457003.849997,1024,1000,7
3457003.853743,3457005.712535,1024,1000,8
3457005.715958,3457007.630942,1024,1000,9
3457007.638636,3457009.247898,1024,1000,10
3457009.251713,3457010.725510,1024,1000,11
3457010.728935,3457012.346124,1024,1000,12
3457012.349651,3457014.021723,1024,1000,13
3457014.024900,3457015.327065,1024,1000,14
3457015.330454,3457025.135436,1024,1000,1
3457025.139583,3457030.563926,1024,1000,2
3457030.570434,3457034.793717,1024,1000,3
3457034.797851,3457037.820710,1024,1000,4
3457037.827396,3457040.644238,1024,1000,5
3457040.651164,3457042.954264,1024,1000,6
3457042.957563,3457045.114292,1024,1000,7
3457045.118381,3457046.832476,1024,1000,8
3457046.836058,3457048.661987,1024,1000,9
3457048.665762,3457050.415949,1024,1000,10
3457050.422257,3457052.038263,1024,1000,11
3457052.041848,3457053.452988,1024,1000,12
3457053.459527,3457054.879708,1024,1000,13
3457054.883510,3457056.274686,1024,1000,14
3457545.640311,3457554.837637,1024,1000,1
3457554.844373,3457560.845614,1024,1000,2
3457560.852355,3457565.147296,1024,1000,3
3457565.151560,3457568.295374,1024,1000,4
3457568.299219,3457571.102903,1024,1000,5
3457571.106586,3457573.394192,1024,1000,6
3457573.398258,3457575.752425,1024,1000,7
3457575.756608,3457577.536488,1024,1000,8
3457577.539750,3457579.346118,1024,1000,9
3457579.349970,3457580.863727,1024,1000,10
3457580.867556,3457582.387722,1024,1000,11
3457582.391427,3457583.828718,1024,1000,12
3457583.832104,3457585.474900,1024,1000,13
3457585.478223,3457586.728057,1024,1000,14
3457670.167419,3457679.460693,1024,1000,1
3457679.467406,3457684.807882,1024,1000,2
3457684.814245,3457689.339802,1024,1000,3
3457689.346913,3457692.546494,1024,1000,4
3457692.550080,3457695.508457,1024,1000,5
3457695.512693,3457697.750551,1024,1000,6
3457697.754686,3457699.846819,1024,1000,7
3457699.850787,3457701.592965,1024,1000,8
3457701.599241,3457703.247422,1024,1000,9
3457703.251151,3457704.756334,1024,1000,10
3457704.759688,3457706.320513,1024,1000,11
3457706.324299,3457707.723550,1024,1000,12
3457707.726876,3457709.092603,1024,1000,13
3457709.096279,3457710.446901,1024,1000,14
3457710.450454,3457720.567513,1024,1000,1
3457720.573714,3457725.912495,1024,1000,2
3457725.916672,3457730.179265,1024,1000,3
3457730.185920,3457733.583949,1024,1000,4
3457733.587518,3457736.265203,1024,1000,5
3457736.268992,3457738.642573,1024,1000,6
3457738.648623,3457740.768799,1024,1000,7
3457740.775297,3457742.695597,1024,1000,8
3457742.699658,3457744.542895,1024,1000,9
3457744.546488,3457746.176029,1024,1000,10
3457746.181346,3457747.669034,1024,1000,11
3457747.675574,3457749.264821,1024,1000,12
3457749.268083,3457750.914909,1024,1000,13
3457750.918811,3457752.287212,1024,1000,14
3457752.290897,3457761.567389,1024,1000,1
3457761.573647,3457766.923564,1024,1000,2
3457766.931101,3457771.274633,1024,1000,3
3457771.280576,3457774.373523,1024,1000,4
3457774.379941,3457777.176787,1024,1000,5
3457777.180834,3457779.375384,1024,1000,6
3457779.381669,3457781.588423,1024,1000,7
3457781.592702,3457783.365406,1024,1000,8
3457783.373328,3457785.230340,1024,1000,9
3457785.235717,3457787.110773,1024,1000,10
3457787.115133,3457788.730230,1024,1000,11
3457788.733950,3457790.448612,1024,1000,12
3457790.452089,3457791.804676,1024,1000,13
3457791.810837,3457793.539725,1024,1000,14
3457793.542982,3457802.798912,1024,1000,1
3457802.806641,3457808.260782,1024,1000,2
3457808.265591,3457812.601447,1024,1000,3
3457812.606038,3457815.480840,1024,1000,4
3457815.484608,3457818.220367,1024,1000,5
3457818.224170,3457820.516801,1024,1000,6
3457820.521093,3457822.766192,1024,1000,7
3457822.772166,3457824.877709,1024,1000,8
3457824.883492,3457826.793395,1024,1000,9
3457826.798924,3457828.363766,1024,1000,10
3457828.367115,3457829.823120,1024,1000,11
3457829.826451,3457831.201650,1024,1000,12
3457831.205177,3457832.911161,1024,1000,13
3457832.915238,3457834.266718,1024,1000,14
3457834.270213,3457843.253596,1024,1000,1
3457843.260293,3457848.660874,1024,1000,2
3457848.664968,3457853.143583,1024,1000,3
3457853.150042,3457856.329121,1024,1000,4
3457856.335585,3457859.225811,1024,1000,5
3457859.229578,3457861.649788,1024,1000,6
3457861.654090,3457863.788462,1024,1000,7
3457863.792867,3457865.656136,1024,1000,8
3457865.660415,3457867.490837,1024,1000,9
3457867.494675,3457869.080302,1024,1000,10
3457869.086600,3457870.663991,1024,1000,11
3457870.667500,3457872.064486,1024,1000,12
3457872.068127,3457873.512582,1024,1000,13
3457873.516419,3457875.172816,1024,1000,14
3457875.176364,3457884.994642,1024,1000,1
3457885.001237,3457890.430340,1024,1000,2
3457890.437299,3457894.906761,1024,1000,3
3457894.915382,3457897.941230,1024,1000,4
3457897.947628,3457900.518782,1024,1000,5
3457900.522558,3457902.847896,1024,1000,6
3457902.854587,3457905.116766,1024,1000,7
3457905.120730,3457907.096050,1024,1000,8
3457907.100560,3457908.912936,1024,1000,9
3457908.916922,3457910.747377,1024,1000,10
3457910.751384,3457912.416590,1024,1000,11
3457912.420492,3457913.908965,1024,1000,12
3457913.916078,3457915.405467,1024,1000,13
3457915.409188,3457916.701533,1024,1000,14
3457916.706985,3457926.510374,1024,1000,1
3457926.517099,3457932.136008,1024,1000,2
3457932.142477,3457936.416936,1024,1000,3
3457936.420965,3457939.398439,1024,1000,4
3457939.402749,3457942.201920,1024,1000,5
3457942.205805,3457944.470377,1024,1000,6
3457944.474241,3457946.433453,1024,1000,7
3457946.437173,3457948.291017,1024,1000,8
3457948.299694,3457950.155825,1024,1000,9
3457950.160321,3457951.747171,1024,1000,10
3457951.751076,3457953.238947,1024,1000,11
3457953.242613,3457954.666112,1024,1000,12
3457954.669978,3457956.173934,1024,1000,13
3457956.177205,3457957.690155,1024,1000,14
3457957.693699,3457967.767556,1024,1000,1
3457967.774690,3457973.354029,1024,1000,2
3457973.358254,3457977.862432,1024,1000,3
3457977.869818,3457980.975200,1024,1000,4
3457980.978722,3457983.817356,1024,1000,5
3457983.823364,3457986.101901,1024,1000,6
3457986.105468,3457988.410790,1024,1000,7
3457988.414599,3457990.290483,1024,1000,8
3457990.293702,3457991.983575,1024,1000,9
3457991.990269,3457993.497654,1024,1000,10
3457993.501231,3457995.116284,1024,1000,11
3457995.120685,3457996.658938,1024,1000,12
3457996.663038,3457998.036403,1024,1000,13
3457998.039682,3457999.352713,1024,1000,14
3457999.356144,3458009.430868,1024,1000,1
3458009.438118,3458014.910692,1024,1000,2
3458014.917951,3458019.253084,1024,1000,3
3458019.260110,3458022.269641,1024,1000,4
3458022.272931,3458025.090021,1024,1000,5
3458025.093929,3458027.388929,1024,1000,6
3458027.392655,3458029.427068,1024,1000,7
3458029.433222,3458031.241935,1024,1000,8
3458031.246196,3458033.020384,1024,1000,9
3458033.024024,3458034.579428,1024,1000,10
3458034.582770,3458036.090995,1024,1000,11
3458036.094354,3458037.462759,1024,1000,12
3458037.466431,3458038.865000,1024,1000,13
3458038.868502,3458040.209714,1024,1000,14
3458040.213090,3458048.927867,1024,1000,1
3458048.931598,3458054.399333,1024,1000,2
3458054.403266,3458058.751161,1024,1000,3
3458058.755131,3458061.749373,1024,1000,4
3458061.752761,3458064.654590,1024,1000,5
3458064.659244,3458066.918591,1024,1000,6
3458066.924735,3458069.147447,1024,1000,7
3458069.154058,3458071.070752,1024,1000,8
3458071.073973,3458072.732323,1024,1000,9
3458072.735978,3458074.324548,1024,1000,10
3458074.328638,3458075.886023,1024,1000,11
3458075.890376,3458077.264995,1024,1000,12
3458077.268589,3458078.706573,1024,1000,13
3458078.709976,3458080.103244,1024,1000,14
3458080.106644,3458088.874398,1024,1000,1
3458088.881238,3458094.634870,1024,1000,2
3458094.639216,3458099.130378,1024,1000,3
3458099.136646,3458102.065643,1024,1000,4
3458102.069342,3458104.792672,1024,1000,5
3458104.799680,3458107.197558,1024,1000,6
3458107.201237,3458109.290440,1024,1000,7
3458109.294338,3458111.106552,1024,1000,8
3458111.112655,3458112.848364,1024,1000,9
3458112.852519,3458114.452828,1024,1000,10
3458114.456549,3458115.939224,1024,1000,11
3458115.942806,3458117.348573,1024,1000,12
3458117.352305,3458118.768407,1024,1000,13
3458118.771948,3458120.121470,1024,1000,14
3458120.124781,3458130.116479,1024,1000,1
3458130.123449,3458135.405914,1024,1000,2
3458135.409643,3458139.827460,1024,1000,3
3458139.832475,3458142.792432,1024,1000,4
3458142.798344,3458145.593717,1024,1000,5
3458145.602273,3458148.057914,1024,1000,6
3458148.061414,3458150.147624,1024,1000,7
3458150.151659,3458152.030588,1024,1000,8
3458152.034409,3458153.726392,1024,1000,9
3458153.730413,3458155.289960,1024,1000,10
3458155.293959,3458156.959358,1024,1000,11
3458156.963361,3458158.345651,1024,1000,12
3458158.349345,3458159.758091,1024,1000,13
3458159.761654,3458161.088704,1024,1000,14
3458161.092203,3458169.810643,1024,1000,1
3458169.817614,3458175.058042,1024,1000,2
3458175.063260,3458179.778117,1024,1000,3
3458179.784777,3458182.847485,1024,1000,4
3458182.851124,3458185.768337,1024,1000,5
3458185.774761,3458188.035926,1024,1000,6
3458188.042765,3458190.340642,1024,1000,7
3458190.344502,3458192.133961,1024,1000,8
3458192.137659,3458193.795822,1024,1000,9
3458193.799773,3458195.262373,1024,1000,10
3458195.265789,3458196.774231,1024,1000,11
3458196.777854,3458198.195546,1024,1000,12
3458198.201988,3458199.607161,1024,1000,13
3458199.610647,3458200.828570,1024,1000,14
3458200.831791,3458210.543738,1024,1000,1
3458210.550583,3458215.988720,1024,1000,2
3458215.995564,3458220.252072,1024,1000,3
3458220.258793,3458223.377043,1024,1000,4
3458223.380826,3458226.252758,1024,1000,5
3458226.256897,3458228.575596,1024,1000,6
3458228.583290,3458230.870417,1024,1000,7
3458230.874652,3458232.773409,1024,1000,8
3458232.777118,3458234.562339,1024,1000,9
3458234.566215,3458236.151994,1024,1000,10
3458236.155186,3458237.610681,1024,1000,11
3458237.617323,3458239.064828,1024,1000,12
3458239.068543,3458240.464535,1024,1000,13
3458240.468473,3458241.784298,1024,1000,14
3458241.787697,3458251.347853,1024,1000,1
3458251.355539,3458256.813723,1024,1000,2
3458256.821177,3458261.166288,1024,1000,3
3458261.169822,3458264.391771,1024,1000,4
3458264.395968,3458267.356046,1024,1000,5
3458267.362874,3458269.637955,1024,1000,6
3458269.641700,3458271.600590,1024,1000,7
3458271.606314,3458273.329894,1024,1000,8
3458273.336576,3458275.153165,1024,1000,9
3458275.158138,3458276.862846,1024,1000,10
3458276.867306,3458278.581933,1024,1000,11
3458278.585672,3458280.073982,1024,1000,12
3458280.077401,3458281.604384,1024,1000,13
3458281.608338,3458282.995022,1024,1000,14
3458282.998437,3458291.718580,1024,1000,1
3458291.724964,3458297.164981,1024,1000,2
3458297.171910,3458301.560269,1024,1000,3
3458301.565568,3458304.560836,1024,1000,4
3458304.564321,3458307.397786,1024,1000,5
3458307.401792,3458309.558591,1024,1000,6
3458309.562041,3458311.844865,1024,1000,7
3458311.848521,3458313.778523,1024,1000,8
3458313.782315,3458315.630439,1024,1000,9
3458315.634234,3458317.218162,1024,1000,10
3458317.222736,3458318.953748,1024,1000,11
3458318.957598,3458320.365493,1024,1000,12
3458320.368612,3458321.738800,1024,1000,13
3458321.742335,3458323.086728,1024,1000,14
3458323.090450,3458331.953455,1024,1000,1
3458331.960245,3458337.244532,1024,1000,2
3458337.251592,3458341.642521,1024,1000,3
3458341.648443,3458344.704670,1024,1000,4
3458344.708223,3458347.305033,1024,1000,5
3458347.311133,3458349.618159,1024,1000,6
3458349.624318,3458351.830452,1024,1000,7
3458351.834343,3458353.541142,1024,1000,8
3458353.545085,3458355.317858,1024,1000,9
3458355.321553,3458356.898251,1024,1000,10
3458356.905094,3458358.419535,1024,1000,11
3458358.422958,3458359.859553,1024,1000,12
3458359.863718,3458361.193767,1024,1000,13
3458361.197439,3458362.553526,1024,1000,14
3458362.557106,3458371.375539,1024,1000,1
3458371.382341,3458376.920259,1024,1000,2
3458376.924285,3458381.261115,1024,1000,3
3458381.268157,3458384.477499,1024,1000,4
3458384.481419,3458387.094372,1024,1000,5
3458387.100372,3458389.308773,1024,1000,6
3458389.312964,3458391.406179,1024,1000,7
3458391.410023,3458393.133368,1024,1000,8
3458393.136903,3458395.002965,1024,1000,9
3458395.006535,3458396.597609,1024,1000,10
3458396.601195,3458398.114800,1024,1000,11
3458398.118504,3458399.608831,1024,1000,12
3458399.612323,3458401.132132,1024,1000,13
3458401.135540,3458402.470568,1024,1000,14
3458402.474939,3458411.498963,1024,1000,1
3458411.505801,3458416.998938,1024,1000,2
3458417.005252,3458421.139783,1024,1000,3
3458421.143478,3458424.206067,1024,1000,4
3458424.212593,3458427.228392,1024,1000,5
3458427.231958,3458429.670638,1024,1000,6
3458429.674664,3458431.888229,1024,1000,7
3458431.894884,3458433.805974,1024,1000,8
3458433.809547,3458435.479247,1024,1000,9
3458435.483876,3458437.030230,1024,1000,10
3458437.034238,3458438.628993,1024,1000,11
3458438.632408,3458440.015103,1024,1000,12
3458440.018747,3458441.395114,1024,1000,13
3458441.400731,3458442.704207,1024,1000,14
3458442.707600,3458452.838188,1024,1000,1
3458452.844833,3458458.252472,1024,1000,2
3458458.256627,3458462.588170,1024,1000,3
3458462.594612,3458465.791467,1024,1000,4
3458465.798344,3458468.636564,1024,1000,5
3458468.640384,3458470.928409,1024,1000,6
3458470.932345,3458472.870879,1024,1000,7
3458472.874201,3458474.771294,1024,1000,8
3458474.774814,3458476.560825,1024,1000,9
3458476.566814,3458478.125104,1024,1000,10
3458478.128391,3458479.660701,1024,1000,11
3458479.664452,3458481.052616,1024,1000,12
3458481.055982,3458482.502016,1024,1000,13
3458482.505423,3458484.030027,1024,1000,14
3458484.033261,3458494.138803,1024,1000,1
3458494.145415,3458499.732440,1024,1000,2
3458499.739523,3458504.078441,1024,1000,3
3458504.082505,3458507.255024,1024,1000,4
3458507.259263,3458509.975967,1024,1000,5
3458509.980297,3458512.083277,1024,1000,6
3458512.089079,3458514.302560,1024,1000,7
3458514.305890,3458516.207254,1024,1000,8
3458516.210864,3458518.049243,1024,1000,9
3458518.055570,3458519.680098,1024,1000,10
3458519.684352,3458521.175648,1024,1000,11
3458521.179566,3458522.547246,1024,1000,12
3458522.551630,3458523.902264,1024,1000,13
3458523.906354,3458525.355445,1024,1000,14
3458525.358875,3458534.069079,1024,1000,1
3458534.075831,3458539.145949,1024,1000,2
3458539.152767,3458543.634801,1024,1000,3
3458543.640992,3458546.652144,1024,1000,4
3458546.658323,3458549.605327,1024,1000,5
3458549.610910,3458551.834563,1024,1000,6
3458551.837933,3458553.971160,1024,1000,7
3458553.974680,3458555.819962,1024,1000,8
3458555.823849,3458557.648475,1024,1000,9
3458557.652261,3458559.186483,1024,1000,10
3458559.189961,3458560.716767,1024,1000,11
3458560.720520,3458562.085919,1024,1000,12
3458562.089874,3458563.521803,1024,1000,13
3458563.524983,3458564.880754,1024,1000,14
3458564.884356,3458574.715821,1024,1000,1
3458574.722873,3458580.042147,1024,1000,2
3458580.046535,3458584.646392,1024,1000,3
3458584.650648,3458587.821647,1024,1000,4
3458587.828793,3458590.490065,1024,1000,5
3458590.493482,3458592.709643,1024,1000,6
3458592.713555,3458594.864392,1024,1000,7
3458594.867935,3458596.728884,1024,1000,8
3458596.732676,3458598.420845,1024,1000,9
3458598.425070,3458600.088918,1024,1000,10
3458600.094695,3458601.611756,1024,1000,11
3458601.615064,3458602.985653,1024,1000,12
3458602.991954,3458604.645690,1024,1000,13
3458604.649422,3458605.963186,1024,1000,14
3458605.966437,3458616.140275,1024,1000,1
3458616.146959,3458621.652887,1024,1000,2
3458621.656868,3458626.050156,1024,1000,3
3458626.057179,3458629.375847,1024,1000,4
3458629.379866,3458632.065361,1024,1000,5
3458632.069348,3458634.317926,1024,1000,6
3458634.322447,3458636.325224,1024,1000,7
3458636.329081,3458638.267999,1024,1000,8
3458638.272307,3458639.940505,1024,1000,9
3458639.943915,3458641.521130,1024,1000,10
3458641.527128,3458643.232897,1024,1000,11
3458643.239220,3458644.722091,1024,1000,12
3458644.725894,3458646.168358,1024,1000,13
3458646.171902,3458647.480297,1024,1000,14
3458647.484009,3458656.193761,1024,1000,1
3458656.200089,3458661.796363,1024,1000,2
3458661.803620,3458666.412664,1024,1000,3
3458666.418174,3458669.641061,1024,1000,4
3458669.647759,3458672.515948,1024,1000,5
3458672.519391,3458674.759545,1024,1000,6
3458674.763647,3458677.149608,1024,1000,7
3458677.155346,3458678.977415,1024,1000,8
3458678.981282,3458680.675365,1024,1000,9
3458680.678749,3458682.356856,1024,1000,10
3458682.361034,3458683.878095,1024,1000,11
3458683.882426,3458685.241438,1024,1000,12
3458685.244894,3458686.716500,1024,1000,13
3458686.720275,3458688.042863,1024,1000,14
3458688.046184,3458696.769839,1024,1000,1
3458696.776931,3458702.295108,1024,1000,2
3458702.299167,3458706.605666,1024,1000,3
3458706.609464,3458709.655489,1024,1000,4
3458709.659663,3458712.444046,1024,1000,5
3458712.450334,3458714.739262,1024,1000,6
3458714.743698,3458716.826355,1024,1000,7
3458716.829916,3458718.606972,1024,1000,8
3458718.613537,3458720.345168,1024,1000,9
3458720.351070,3458721.983688,1024,1000,10
3458721.987342,3458723.563906,1024,1000,11
3458723.567661,3458725.171198,1024,1000,12
3458725.174613,3458726.571843,1024,1000,13
3458726.575790,3458727.905432,1024,1000,14
3458727.908866,3458736.832800,1024,1000,1
3458736.839785,3458742.271738,1024,1000,2
3458742.275980,3458746.683018,1024,1000,3
3458746.689522,3458749.718590,1024,1000,4
3458749.722695,3458752.550314,1024,1000,5
3458752.554111,3458754.767889,1024,1000,6
3458754.771986,3458756.998976,1024,1000,7
3458757.005505,3458758.851061,1024,1000,8
3458758.857767,3458760.572235,1024,1000,9
3458760.576084,3458762.344861,1024,1000,10
3458762.348971,3458763.868778,1024,1000,11
3458763.872268,3458765.257590,1024,1000,12
3458765.260949,3458766.652585,1024,1000,13
3458766.655989,3458768.005871,1024,1000,14
3459176.730409,3459753.433589,8192,1000,1
3459753.463328,3460070.839861,8192,1000,2
3460070.868325,3460360.572144,8192,1000,3
3460360.587026,3460570.854038,8192,1000,4
3460570.881564,3460745.034175,8192,1000,5
3460745.055732,3460893.849322,8192,1000,6
3460893.864825,3461012.124999,8192,1000,7
3461012.139076,3461121.688365,8192,1000,8
3461121.702248,3461232.128954,8192,1000,9
3461232.145398,3461317.103478,8192,1000,10
3461317.119415,3461397.674513,8192,1000,11
3461397.689839,3461470.918627,8192,1000,12
3461470.935542,3461542.587785,8192,1000,13
3461542.618701,3461599.582763,8192,1000,14
3461599.596549,3462181.190754,8192,1000,1
3462181.220633,3462506.565844,8192,1000,2
3462506.593581,3462782.358334,8192,1000,3
3462782.386506,3462993.551897,8192,1000,4
3462993.579176,3463168.414527,8192,1000,5
3463168.429621,3463320.802598,8192,1000,6
3463320.831273,3463435.974196,8192,1000,7
3463435.997551,3463547.944327,8192,1000,8
3463547.973567,3463655.187052,8192,1000,9
3463655.207163,3463743.842184,8192,1000,10
3463743.857639,3463829.636635,8192,1000,11
3463829.655067,3463897.833887,8192,1000,12
3463897.849444,3463969.132420,8192,1000,13
3463969.147092,3464019.334578,8192,1000,14
3464019.350159,3464591.225985,8192,1000,1
3464591.261303,3464911.486144,8192,1000,2
3464911.506945,3465194.889293,8192,1000,3
3465194.904779,3465398.690634,8192,1000,4
3465398.707050,3465562.183691,8192,1000,5
3465562.202587,3465711.496623,8192,1000,6
3465711.510190,3465835.015809,8192,1000,7
3465835.045108,3465944.677583,8192,1000,8
3465944.706664,3466057.420999,8192,1000,9
3466057.439920,3466142.975072,8192,1000,10
3466142.990322,3466227.813574,8192,1000,11
3466227.828415,3466296.113400,8192,1000,12
3466296.129508,3466367.379896,8192,1000,13
3466367.396446,3466418.919337,8192,1000,14
3466418.934040,3466993.448272,8192,1000,1
3466993.480303,3467313.082813,8192,1000,2
3467313.111376,3467589.794679,8192,1000,3
3467589.823620,3467799.425904,8192,1000,4
3467799.453900,3467968.306559,8192,1000,5
3467968.336569,3468114.117065,8192,1000,6
3468114.145314,3468237.096090,8192,1000,7
3468237.126930,3468348.939521,8192,1000,8
3468348.967808,3468457.189025,8192,1000,9
3468457.203663,3468547.953905,8192,1000,10
3468547.966390,3468635.219348,8192,1000,11
3468635.247361,3468701.651176,8192,1000,12
3468701.679769,3468771.496961,8192,1000,13
3468771.513913,3468821.687546,8192,1000,14
3468821.701413,3469417.829114,8192,1000,1
3469417.860268,3469739.800803,8192,1000,2
3469739.829982,3470017.462973,8192,1000,3
3470017.495965,3470226.288748,8192,1000,4
3470226.303604,3470392.861312,8192,1000,5
3470392.879732,3470544.188979,8192,1000,6
3470544.210224,3470663.075733,8192,1000,7
3470663.090541,3470775.108841,8192,1000,8
3470775.128943,3470875.517137,8192,1000,9
3470875.532409,3470961.898855,8192,1000,10
3470961.912259,3471048.187180,8192,1000,11
3471048.202127,3471114.584490,8192,1000,12
3471114.599585,3471184.267023,8192,1000,13
3471184.281839,3471238.531091,8192,1000,14
3697269.000991,3697472.556684,8192,1000,4
3697472.571519,3697645.146485,8192,1000,5
3697645.174654,3697795.947862,8192,1000,6
3697795.975529,3697906.266329,8192,1000,7
3697906.279486,3698019.082391,8192,1000,8
3698019.098380,3698131.569119,8192,1000,9
3698131.588514,3698219.281508,8192,1000,10
3698219.294283,3698305.453262,8192,1000,11
3698305.474585,3698381.930152,8192,1000,12
3698381.944551,3698454.170987,8192,1000,13
3698454.184278,3698509.290698,8192,1000,14
3698509.309593,3698719.404956,8192,1000,4
3698719.433533,3698896.494543,8192,1000,5
3698896.509284,3699047.354642,8192,1000,6
3699047.368848,3699158.951253,8192,1000,7
3699158.978592,3699268.728507,8192,1000,8
3699268.743620,3699365.232817,8192,1000,9
3699365.260404,3699449.380695,8192,1000,10
3699449.395252,3699530.446160,8192,1000,11
3699530.460193,3699599.147725,8192,1000,12
3699599.162130,3699670.045028,8192,1000,13
3699670.059969,3699722.883046,8192,1000,14
3699722.896304,3699932.446716,8192,1000,4
3699932.474674,3700104.106345,8192,1000,5
3700104.134774,3700259.834799,8192,1000,6
3700259.860655,3700378.486872,8192,1000,7
3700378.503692,3700493.255561,8192,1000,8
3700493.283891,3700600.864390,8192,1000,9
3700600.880816,3700690.353015,8192,1000,10
3700690.370340,3700774.033798,8192,1000,11
3700774.051348,3700845.350663,8192,1000,12
3700845.366427,3700911.857508,8192,1000,13
3700911.889157,3700966.928302,8192,1000,14
3700966.941461,3701178.389144,8192,1000,4
3701178.404172,3701346.348257,8192,1000,5
3701346.373649,3701501.483054,8192,1000,6
3701501.510822,3701616.911651,8192,1000,7
3701616.939619,3701727.474628,8192,1000,8
3701727.489018,3701825.803455,8192,1000,9
3701825.816672,3701912.630162,8192,1000,10
3701912.644479,3701994.773006,8192,1000,11
3701994.799538,3702067.781077,8192,1000,12
3702067.794389,3702134.597024,8192,1000,13
3702134.611592,3702188.511757,8192,1000,14
3702188.523841,3702396.451957,8192,1000,4
3702396.480111,3702569.569592,8192,1000,5
3702569.595787,3702719.028512,8192,1000,6
3702719.059559,3702838.780249,8192,1000,7
3702838.808984,3702947.793658,8192,1000,8
3702947.810050,3703045.414383,8192,1000,9
3703045.435690,3703131.261548,8192,1000,10
3703131.294793,3703213.881427,8192,1000,11
3703213.900642,3703284.358785,8192,1000,12
3703284.372508,3703357.801543,8192,1000,13
3703357.815891,3703411.405167,8192,1000,14
3703411.418225,3703615.295411,8192,1000,4
3703615.311056,3703785.228926,8192,1000,5
3703785.256453,3703930.816754,8192,1000,6
3703930.844332,3704055.385453,8192,1000,7
3704055.412842,3704165.717205,8192,1000,8
3704165.731326,3704267.630638,8192,1000,9
3704267.649782,3704354.410366,8192,1000,10
3704354.434833,3704438.546327,8192,1000,11
3704438.560820,3704503.075199,8192,1000,12
3704503.094080,3704576.613165,8192,1000,13
3704576.627621,3704628.228180,8192,1000,14
3704628.241265,3704842.173561,8192,1000,4
3704842.185964,3705013.626334,8192,1000,5
3705013.654250,3705158.515892,8192,1000,6
3705158.529293,3705274.846645,8192,1000,7
3705274.864959,3705386.087934,8192,1000,8
3705386.103075,3705485.576875,8192,1000,9
3705485.606848,3705574.710406,8192,1000,10
3705574.725297,3705661.107694,8192,1000,11
3705661.123563,3705732.421563,8192,1000,12
3705732.440342,3705797.772319,8192,1000,13
3705797.785367,3705852.492424,8192,1000,14
3705852.505463,3706059.381606,8192,1000,4
3706059.409961,3706230.914610,8192,1000,5
3706230.942394,3706381.739693,8192,1000,6
3706381.758100,3706498.661688,8192,1000,7
3706498.674658,3706604.547520,8192,1000,8
3706604.575581,3706714.031096,8192,1000,9
3706714.043600,3706798.325940,8192,1000,10
3706798.353404,3706883.297184,8192,1000,11
3706883.316630,3706947.686377,8192,1000,12
3706947.712179,3707015.731721,8192,1000,13
3707015.748018,3707081.188512,8192,1000,14
3707081.202748,3707287.094564,8192,1000,4
3707287.122510,3707460.920207,8192,1000,5
3707460.937736,3707607.785181,8192,1000,6
3707607.804870,3707724.534436,8192,1000,7
3707724.547406,3707830.343803,8192,1000,8
3707830.358322,3707936.479739,8192,1000,9
3707936.495377,3708019.826598,8192,1000,10
3708019.841515,3708104.256122,8192,1000,11
3708104.272430,3708172.464118,8192,1000,12
3708172.479126,3708245.413257,8192,1000,13
3708245.431164,3708303.724017,8192,1000,14
3708303.737169,3708511.107065,8192,1000,4
3708511.138567,3708684.618122,8192,1000,5
3708684.645452,3708831.783611,8192,1000,6
3708831.801920,3708950.560134,8192,1000,7
3708950.576557,3709058.739972,8192,1000,8
3709058.754033,3709159.951169,8192,1000,9
3709159.978416,3709245.978865,8192,1000,10
3709245.993616,3709326.371752,8192,1000,11
3709326.396141,3709392.706764,8192,1000,12
3709392.719261,3709465.662419,8192,1000,13
3709465.681092,3709526.617120,8192,1000,14
3709526.629937,3709732.677872,8192,1000,4
3709732.705343,3709902.088011,8192,1000,5
3709902.115855,3710047.128516,8192,1000,6
3710047.156279,3710163.175294,8192,1000,7
3710163.189586,3710271.407040,8192,1000,8
3710271.423012,3710375.743519,8192,1000,9
3710375.769689,3710459.298264,8192,1000,10
3710459.311381,3710543.106595,8192,1000,11
3710543.126943,3710614.134325,8192,1000,12
3710614.147994,3710687.173031,8192,1000,13
3710687.189161,3710753.957496,8192,1000,14
3710753.970735,3710955.430464,8192,1000,4
3710955.459426,3711126.352422,8192,1000,5
3711126.375066,3711271.991730,8192,1000,6
3711272.016771,3711391.810353,8192,1000,7
3711391.838254,3711501.513430,8192,1000,8
3711501.529353,3711610.715089,8192,1000,9
3711610.730690,3711697.154522,8192,1000,10
3711697.170182,3711781.607935,8192,1000,11
3711781.622864,3711850.257921,8192,1000,12
3711850.271454,3711918.843261,8192,1000,13
3711918.858372,3711969.333278,8192,1000,14
3711969.346270,3712177.631442,8192,1000,4
3712177.646494,3712351.702682,8192,1000,5
3712351.731972,3712505.031490,8192,1000,6
3712505.059506,3712622.365196,8192,1000,7
3712622.377965,3712729.716369,8192,1000,8
3712729.729208,3712832.243180,8192,1000,9
3712832.261402,3712921.458916,8192,1000,10
3712921.485345,3713009.202137,8192,1000,11
3713009.217907,3713074.001961,8192,1000,12
3713074.014924,3713142.344757,8192,1000,13
3713142.359260,3713199.930123,8192,1000,14
3713199.943432,3713404.672406,8192,1000,4
3713404.697656,3713577.684850,8192,1000,5
3713577.713623,3713726.795374,8192,1000,6
3713726.826389,3713842.531634,8192,1000,7
3713842.555373,3713949.109786,8192,1000,8
3713949.125098,3714062.391168,8192,1000,9
3714062.419788,3714150.863148,8192,1000,10
3714150.896073,3714230.108989,8192,1000,11
3714230.122269,3714294.174253,8192,1000,12
3714294.187009,3714364.344251,8192,1000,13
3714364.359244,3714421.921867,8192,1000,14
3714421.934980,3714632.855349,8192,1000,4
3714632.870382,3714805.696737,8192,1000,5
3714805.725503,3714952.347088,8192,1000,6
3714952.362882,3715067.983870,8192,1000,7
3715067.997406,3715176.078733,8192,1000,8
3715176.106334,3715284.650462,8192,1000,9
3715284.663162,3715368.862962,8192,1000,10
3715368.877357,3715452.732645,8192,1000,11
3715452.749681,3715523.082166,8192,1000,12
3715523.094609,3715597.808448,8192,1000,13
3715597.822955,3715650.813056,8192,1000,14
3715650.826093,3715863.205937,8192,1000,4
3715863.234054,3716033.363744,8192,1000,5
3716033.378940,3716179.597495,8192,1000,6
3716179.613136,3716299.827266,8192,1000,7
3716299.856806,3716409.012280,8192,1000,8
3716409.039909,3716510.046912,8192,1000,9
3716510.062598,3716595.816524,8192,1000,10
3716595.847041,3716680.419513,8192,1000,11
3716680.436286,3716748.043154,8192,1000,12
3716748.066486,3716821.850460,8192,1000,13
3716821.874040,3716881.811833,8192,1000,14
3716881.825287,3717092.506054,8192,1000,4
3717092.520914,3717271.629969,8192,1000,5
3717271.642977,3717421.458740,8192,1000,6
3717421.473475,3717545.302955,8192,1000,7
3717545.317451,3717649.075946,8192,1000,8
3717649.090344,3717752.918642,8192,1000,9
3717752.931955,3717838.464227,8192,1000,10
3717838.492422,3717922.238165,8192,1000,11
3717922.252800,3717990.937293,8192,1000,12
3717990.950407,3718065.499782,8192,1000,13
3718065.513992,3718133.576361,8192,1000,14
3718133.590827,3718337.950326,8192,1000,4
3718337.978488,3718506.297925,8192,1000,5
3718506.314704,3718660.934920,8192,1000,6
3718660.951411,3718780.311762,8192,1000,7
3718780.333795,3718890.616681,8192,1000,8
3718890.631399,3719011.449754,8192,1000,9
3719011.478141,3719100.057457,8192,1000,10
3719100.071081,3719183.915939,8192,1000,11
3719183.945049,3719249.793553,8192,1000,12
3719249.809025,3719319.308889,8192,1000,13
3719319.329528,3719380.576461,8192,1000,14
4126377.785153,4126413.307749,2048,1000,1
4126413.317988,4126433.647425,2048,1000,2
4126433.657831,4126449.270139,2048,1000,3
4126449.281530,4126461.489558,2048,1000,4
4126461.499519,4126471.568409,2048,1000,5
4126471.578211,4126478.693934,2048,1000,6
4126478.698911,4126485.940115,2048,1000,7
4126485.948144,4126491.488355,2048,1000,8
4126491.493562,4126497.423947,2048,1000,9
4126497.429290,4126502.192359,2048,1000,10
4126502.197845,4126507.461262,2048,1000,11
4126507.467578,4126511.509083,2048,1000,12
4126511.514556,4126516.394793,2048,1000,13
4126516.399903,4126520.031470,2048,1000,14
4126520.036694,4126558.360745,2048,1000,1
4126558.370801,4126577.721474,2048,1000,2
4126577.731719,4126593.339815,2048,1000,3
4126593.349316,4126603.897156,2048,1000,4
4126603.902589,4126613.942078,2048,1000,5
4126613.950677,4126621.436996,2048,1000,6
4126621.446870,4126629.176221,2048,1000,7
4126629.186600,4126634.875298,2048,1000,8
4126634.880464,4126640.675933,2048,1000,9
4126640.685114,4126645.641348,2048,1000,10
4126645.646581,4126650.748461,2048,1000,11
4126650.754234,4126654.781539,2048,1000,12
4126654.786668,4126659.544175,2048,1000,13
4126659.549574,4126663.139006,2048,1000,14
4126663.146033,4126698.478036,2048,1000,1
4126698.487730,4126718.471509,2048,1000,2
4126718.476936,4126734.393051,2048,1000,3
4126734.403206,4126746.594079,2048,1000,4
4126746.599271,4126756.547089,2048,1000,5
4126756.556630,4126763.854940,2048,1000,6
4126763.864943,4126771.237356,2048,1000,7
4126771.242607,4126776.936298,2048,1000,8
4126776.941669,4126782.389381,2048,1000,9
4126782.394556,4126787.191219,2048,1000,10
4126787.196260,4126792.620109,2048,1000,11
4126792.625468,4126797.761152,2048,1000,12
4126797.766289,4126803.036923,2048,1000,13
4126803.042051,4126806.722992,2048,1000,14
4126806.728015,4126844.817671,2048,1000,1
4126844.827823,4126865.629388,2048,1000,2
4126865.638794,4126881.993680,2048,1000,3
4126882.000710,4126893.966233,2048,1000,4
4126893.978396,4126904.037762,2048,1000,5
4126904.045299,4126911.826696,2048,1000,6
4126911.831744,4126919.418305,2048,1000,7
4126919.427886,4126925.112266,2048,1000,8
4126925.117472,4126930.852938,2048,1000,9
4126930.858126,4126935.513194,2048,1000,10
4126935.523909,4126941.231395,2048,1000,11
4126941.236885,4126946.294868,2048,1000,12
4126946.300647,4126951.240912,2048,1000,13
4126951.246140,4126956.072755,2048,1000,14
4126956.078097,4126990.968121,2048,1000,1
4126990.978381,4127011.793541,2048,1000,2
4127011.803255,4127027.405455,2048,1000,3
4127027.411102,4127039.959919,2048,1000,4
4127039.966392,4127050.085639,2048,1000,5
4127050.095459,4127057.501777,2048,1000,6
4127057.506858,4127064.631579,2048,1000,7
4127064.637312,4127070.533443,2048,1000,8
4127070.543745,4127076.514674,2048,1000,9
4127076.520534,4127081.324128,2048,1000,10
4127081.329460,4127086.241422,2048,1000,11
4127086.246781,4127090.243355,2048,1000,12
4127090.248472,4127094.327455,2048,1000,13
4127094.334108,4127098.573090,2048,1000,14
4127098.578820,4127137.397809,2048,1000,1
4127137.407674,4127157.163626,2048,1000,2
4127157.173369,4127172.869724,2048,1000,3
4127172.875382,4127185.549428,2048,1000,4
4127185.554684,4127195.499552,2048,1000,5
4127195.509853,4127202.903064,2048,1000,6
4127202.912630,4127210.417176,2048,1000,7
4127210.426710,4127216.137824,2048,1000,8
4127216.147015,4127222.184928,2048,1000,9
4127222.194743,4127226.946680,2048,1000,10
4127226.956215,4127232.500518,2048,1000,11
4127232.505672,4127236.516675,2048,1000,12
4127236.521651,4127241.541282,2048,1000,13
4127241.546731,4127245.126785,2048,1000,14
4127245.131833,4127280.109754,2048,1000,1
4127280.120646,4127300.620933,2048,1000,2
4127300.631869,4127316.447904,2048,1000,3
4127316.452513,4127328.861561,2048,1000,4
4127328.867274,4127338.999187,2048,1000,5
4127339.004819,4127346.419877,2048,1000,6
4127346.429625,4127353.235046,2048,1000,7
4127353.240212,4127358.848423,2048,1000,8
4127358.858426,4127365.008229,2048,1000,9
4127365.017716,4127369.886608,2048,1000,10
4127369.891581,4127375.861160,2048,1000,11
4127375.866157,4127380.489021,2048,1000,12
4127380.494247,4127385.038086,2048,1000,13
4127385.043273,4127388.511030,2048,1000,14
4127388.516377,4127427.098737,2048,1000,1
4127427.108814,4127446.910605,2048,1000,2
4127446.920697,4127462.208313,2048,1000,3
4127462.214378,4127474.296088,2048,1000,4
4127474.305934,4127484.292231,2048,1000,5
4127484.301689,4127491.637189,2048,1000,6
4127491.644111,4127498.892071,2048,1000,7
4127498.897508,4127504.817758,2048,1000,8
4127504.823064,4127510.644181,2048,1000,9
4127510.649142,4127516.468258,2048,1000,10
4127516.473235,4127521.811835,2048,1000,11
4127521.817804,4127525.826376,2048,1000,12
4127525.831800,4127531.383381,2048,1000,13
4127531.388508,4127536.189795,2048,1000,14
4127536.194871,4127571.141831,2048,1000,1
4127571.150732,4127591.497745,2048,1000,2
4127591.507942,4127607.015968,2048,1000,3
4127607.026148,4127619.220141,2048,1000,4
4127619.225472,4127629.207312,2048,1000,5
4127629.216579,4127636.585461,2048,1000,6
4127636.590920,4127643.736875,2048,1000,7
4127643.742105,4127649.396945,2048,1000,8
4127649.402556,4127654.848220,2048,1000,9
4127654.853763,4127659.679956,2048,1000,10
4127659.685006,4127665.164560,2048,1000,11
4127665.170038,4127669.317496,2048,1000,12
4127669.322480,4127673.626966,2048,1000,13
4127673.631807,4127677.291728,2048,1000,14
4127677.296857,4127712.990814,2048,1000,1
4127712.998753,4127732.430140,2048,1000,2
4127732.440054,4127747.575440,2048,1000,3
4127747.585560,4127758.528303,2048,1000,4
4127758.533785,4127768.259409,2048,1000,5
4127768.266395,4127775.942414,2048,1000,6
4127775.946850,4127782.981820,2048,1000,7
4127782.987371,4127788.514218,2048,1000,8
4127788.519096,4127794.435067,2048,1000,9
4127794.442859,4127799.233045,2048,1000,10
4127799.237780,4127804.582713,2048,1000,11
4127804.588799,4127808.630529,2048,1000,12
4127808.635631,4127812.734303,2048,1000,13
4127812.739113,4127817.348928,2048,1000,14
4127817.354187,4127852.374909,2048,1000,1
4127852.385165,4127872.123990,2048,1000,2
4127872.133786,4127888.150825,2048,1000,3
4127888.160731,4127899.895883,2048,1000,4
4127899.906050,4127910.148057,2048,1000,5
4127910.158380,4127917.497652,2048,1000,6
4127917.503964,4127925.158458,2048,1000,7
4128824.699616,4128863.024841,2048,1000,1
4128863.034892,4128883.421709,2048,1000,2
4128883.432105,4128899.895754,2048,1000,3
4128899.906046,4128912.508349,2048,1000,4
4128912.514184,4128923.018971,2048,1000,5
4128923.026426,4128930.469334,2048,1000,6
4128930.474606,4128937.705727,2048,1000,7
4128937.715559,4128943.677377,2048,1000,8
4128943.682230,4128949.097253,2048,1000,9
4128949.103030,4128954.362736,2048,1000,10
4128954.367861,4128959.077803,2048,1000,11
4128959.082902,4128963.186666,2048,1000,12
4128963.193109,4128967.514220,2048,1000,13
4128967.519480,4128971.058392,2048,1000,14
4128971.064417,4129006.091039,2048,1000,1
4129006.101234,4129026.061090,2048,1000,2
4129026.071520,4129040.370184,2048,1000,3
4129040.375162,4129052.439494,2048,1000,4
4129052.449949,4129061.715418,2048,1000,5
4129061.722501,4129069.278448,2048,1000,6
4129069.288398,4129076.671887,2048,1000,7
4129076.677697,4129082.627841,2048,1000,8
4129082.632823,4129088.405539,2048,1000,9
4129088.415088,4129093.477922,2048,1000,10
4129093.483680,4129099.036215,2048,1000,11
4129099.045878,4129103.089491,2048,1000,12
4129103.094782,4129106.945348,2048,1000,13
4129106.950780,4129110.430573,2048,1000,14
4129110.436274,4129150.552703,2048,1000,1
4129150.563189,4129171.447282,2048,1000,2
4129171.457661,4129186.606277,2048,1000,3
4129186.611793,4129198.234200,2048,1000,4
4129198.244334,4129208.026526,2048,1000,5
4129208.031567,4129215.543995,2048,1000,6
4129215.553980,4129223.411924,2048,1000,7
4129223.418273,4129229.645979,2048,1000,8
4129229.656271,4129235.312625,2048,1000,9
4129235.317784,4129240.589115,2048,1000,10
4129240.598812,4129245.287665,2048,1000,11
4129245.297489,4129249.326086,2048,1000,12
4129249.331614,4129253.397590,2048,1000,13
4129253.407289,4129257.431094,2048,1000,14
4129257.436397,4129294.523507,2048,1000,1
4129294.534303,4129314.884499,2048,1000,2
4129314.894616,4129330.453345,2048,1000,3
4129330.457953,4129341.870679,2048,1000,4
4129341.875966,4129351.277333,2048,1000,5
4129351.282211,4129358.615302,2048,1000,6
4129358.625725,4129365.973824,2048,1000,7
4129365.980069,4129371.660414,2048,1000,8
4129371.670722,4129377.775811,2048,1000,9
4129377.781054,4129382.766344,2048,1000,10
4129382.771927,4129387.487557,2048,1000,11
4129387.494552,4129391.839614,2048,1000,12
4129391.846072,4129396.151521,2048,1000,13
4129396.156587,4129399.868218,2048,1000,14
4129399.873345,4129435.665329,2048,1000,1
4129435.674891,4129456.572176,2048,1000,2
4129456.582344,4129471.784360,2048,1000,3
4129471.794147,4129483.697253,2048,1000,4
4129483.702854,4129493.961399,2048,1000,5
4129493.966982,4129501.187579,2048,1000,6
4129501.192317,4129508.786478,2048,1000,7
4129508.791929,4129514.586201,2048,1000,8
4129514.595670,4129520.389859,2048,1000,9
4129520.395552,4129524.959985,2048,1000,10
4129524.965249,4129530.248727,2048,1000,11
4129530.262305,4129535.065226,2048,1000,12
4129535.074537,4129540.025336,2048,1000,13
4129540.030656,4129545.184327,2048,1000,14
4129545.189633,4129580.361045,2048,1000,1
4129580.370699,4129600.169558,2048,1000,2
4129600.180264,4129614.814924,2048,1000,3
4129614.826377,4129627.465405,2048,1000,4
4129627.471314,4129637.650103,2048,1000,5
4129637.659751,4129644.964794,2048,1000,6
4129644.969876,4129652.538480,2048,1000,7
4129652.543752,4129658.468414,2048,1000,8
4129658.474219,4129664.496853,2048,1000,9
4129664.502040,4129669.408641,2048,1000,10
4129669.416210,4129673.799826,2048,1000,11
4129673.804769,4129677.957605,2048,1000,12
4129677.962617,4129681.925093,2048,1000,13
4129681.931851,4129685.713842,2048,1000,14
4129685.718662,4129720.631540,2048,1000,1
4129720.642665,4129739.860538,2048,1000,2
4129739.866216,4129755.358849,2048,1000,3
4129755.368410,4129768.086553,2048,1000,4
4129768.096494,4129777.903926,2048,1000,5
4129777.913465,4129785.478956,2048,1000,6
4129785.484225,4129793.069324,2048,1000,7
4129793.075070,4129798.741468,2048,1000,8
4129798.746740,4129804.668697,2048,1000,9
4129804.673673,4129809.438059,2048,1000,10
4129809.444080,4129814.793417,2048,1000,11
4129814.798659,4129818.890528,2048,1000,12
4129818.895889,4129822.668613,2048,1000,13
4129822.673702,4129826.104196,2048,1000,14
4129826.109251,4129865.882824,2048,1000,1
4129865.893330,4129886.069351,2048,1000,2
4129886.080258,4129901.620369,2048,1000,3
4129901.626281,4129913.791234,2048,1000,4
4129913.796903,4129923.975186,2048,1000,5
4129923.985270,4129931.277154,2048,1000,6
4129931.282217,4129938.517592,2048,1000,7
4129938.523158,4129944.558988,2048,1000,8
4129944.569358,4129950.440278,2048,1000,9
4129950.446246,4129955.665025,2048,1000,10
4129955.671874,4129960.589206,2048,1000,11
4129960.598818,4129964.569291,2048,1000,12
4129964.574318,4129968.646237,2048,1000,13
4129968.651358,4129972.279473,2048,1000,14
4129972.284477,4130007.305840,2048,1000,1
4130007.316393,4130026.773693,2048,1000,2
4130026.784140,4130040.880538,2048,1000,3
4130040.891260,4130053.231800,2048,1000,4
4130053.236945,4130063.177087,2048,1000,5
4130063.182165,4130070.475250,2048,1000,6
4130070.481036,4130078.141571,2048,1000,7
4130078.146738,4130083.665785,2048,1000,8
4130083.671348,4130089.451266,2048,1000,9
4130089.461637,4130094.264282,2048,1000,10
4130094.269298,4130099.076509,2048,1000,11
4130099.081994,4130103.286046,2048,1000,12
4130103.291247,4130107.167057,2048,1000,13
4130107.172566,4130112.872675,2048,1000,14
4130112.878156,4130155.008705,2048,1000,1
4130155.018797,4130176.488702,2048,1000,2
4130176.499775,4130191.724534,2048,1000,3
4130191.730965,4130203.591359,2048,1000,4
4130203.598114,4130213.565620,2048,1000,5
4130213.571612,4130220.791400,2048,1000,6
4130220.796458,4130228.324538,2048,1000,7
4130228.333660,4130234.054305,2048,1000,8
4130234.059419,4130239.629453,2048,1000,9
4130239.634609,4130244.283575,2048,1000,10
4130244.290931,4130250.319429,2048,1000,11
4130250.324620,4130254.791542,2048,1000,12
4130254.797167,4130259.303441,2048,1000,13
4130259.309522,4130264.457785,2048,1000,14
4130277.608190,4130317.135707,2048,1000,1
4130317.146356,4130337.392214,2048,1000,2
4130337.401969,4130352.848565,2048,1000,3
4130352.853336,4130364.852744,2048,1000,4
4130364.864522,4130374.763730,2048,1000,5
4130374.774211,4130382.054718,2048,1000,6
4130382.060664,4130389.892229,2048,1000,7
4130389.901271,4130395.594872,2048,1000,8
4130395.601079,4130400.844520,2048,1000,9
4130400.849967,4130405.428658,2048,1000,10
4130405.433768,4130410.788417,2048,1000,11
4130410.793563,4130414.901402,2048,1000,12
4130414.906795,4130419.328954,2048,1000,13
4130419.334768,4130423.540628,2048,1000,14
4130423.547816,4130458.898920,2048,1000,1
4130458.906058,4130479.601237,2048,1000,2
4130479.614067,4130495.206708,2048,1000,3
4130495.212403,4130507.369568,2048,1000,4
4130507.375666,4130517.543102,2048,1000,5
4130517.552690,4130524.910760,2048,1000,6
4130524.920338,4130532.274689,2048,1000,7
4130532.285894,4130538.361789,2048,1000,8
4130538.367054,4130544.068963,2048,1000,9
4130544.078580,4130549.052136,2048,1000,10
4130549.057295,4130555.342825,2048,1000,11
4130555.354771,4130559.578089,2048,1000,12
4130559.583247,4130563.620047,2048,1000,13
4130563.625711,4130567.466006,2048,1000,14
4130567.471283,4130602.798288,2048,1000,1
4130602.808146,4130622.634626,2048,1000,2
4130622.645239,4130638.507485,2048,1000,3
4130638.516329,4130650.827865,2048,1000,4
4130650.837558,4130660.835157,2048,1000,5
4130660.844984,4130668.912319,2048,1000,6
4130668.920224,4130675.929747,2048,1000,7
4130675.934774,4130681.446883,2048,1000,8
4130681.451861,4130687.397211,2048,1000,9
4130687.404657,4130692.158988,2048,1000,10
4130692.163997,4130698.174282,2048,1000,11
4130698.179721,4130702.717791,2048,1000,12
4130702.723226,4130707.479206,2048,1000,13
4130707.484705,4130711.136902,2048,1000,14
4130711.143341,4130746.041010,2048,1000,1
4130746.050981,4130766.072296,2048,1000,2
4130766.078386,4130782.648445,2048,1000,3
4130782.658789,4130795.564353,2048,1000,4
4130795.574597,4130805.336256,2048,1000,5
4130805.342959,4130812.570541,2048,1000,6
4130812.575994,4130819.716591,2048,1000,7
4130819.721905,4130825.772539,2048,1000,8
4130825.778260,4130831.846916,2048,1000,9
4130831.853667,4130836.647473,2048,1000,10
4130836.660741,4130841.363653,2048,1000,11
4130841.374649,4130846.755396,2048,1000,12
4130846.762357,4130850.937479,2048,1000,13
4130850.942890,4130854.544558,2048,1000,14
4130854.550433,4130890.631096,2048,1000,1
4130890.643159,4130911.527442,2048,1000,2
4130911.534143,4130925.804945,2048,1000,3
4130925.812155,4130938.022899,2048,1000,4
4130938.032548,4130947.323299,2048,1000,5
4130947.333732,4130954.850087,2048,1000,6
4130954.855815,4130962.256208,2048,1000,7
4130962.265527,4130967.954849,2048,1000,8
4130967.965544,4130973.519594,2048,1000,9
4130973.525141,4130978.314568,2048,1000,10
4130978.319982,4130983.241611,2048,1000,11
4130983.247071,4130988.573013,2048,1000,12
4130988.579253,4130993.815738,2048,1000,13
4130993.821217,4130997.993775,2048,1000,14
4130997.999096,4131033.192424,2048,1000,1
4131033.204953,4131053.545811,2048,1000,2
4131053.551842,4131069.565416,2048,1000,3
4131069.575442,4131081.625861,2048,1000,4
4131081.636404,4131091.665250,2048,1000,5
4131091.673203,4131099.039907,2048,1000,6
4131099.045599,4131106.418491,2048,1000,7
4131106.424279,4131112.110611,2048,1000,8
4131112.115577,4131117.618946,2048,1000,9
4131117.624033,4131122.112325,2048,1000,10
4131122.117663,4131127.423928,2048,1000,11
4131127.429252,4131131.493106,2048,1000,12
4131131.502782,4131135.949386,2048,1000,13
4131135.954397,4131139.504716,2048,1000,14
4131139.513906,4131174.655126,2048,1000,1
4131174.665318,4131195.371351,2048,1000,2
4131195.383467,4131210.838190,2048,1000,3
4131210.844487,4131223.582168,2048,1000,4
4131223.592254,4131233.469584,2048,1000,5
4131233.475271,4131240.644923,2048,1000,6
4131240.650589,4131247.866754,2048,1000,7
4131247.872688,4131254.065748,2048,1000,8
4131254.071110,4131259.783406,2048,1000,9
4131259.788804,4131264.464381,2048,1000,10
4131264.469955,4131269.244425,2048,1000,11
4131269.249676,4131274.538764,2048,1000,12
4131274.549171,4131278.665089,2048,1000,13
4131278.670768,4131282.248193,2048,1000,14
4131282.253476,4131317.828148,2048,1000,1
4131317.838256,4131337.326806,2048,1000,2
4131337.337953,4131353.001045,2048,1000,3
4131353.011765,4131363.495589,2048,1000,4
4131363.500613,4131372.901309,2048,1000,5
4131372.907185,4131380.439982,2048,1000,6
4131380.445655,4131387.468387,2048,1000,7
4131387.473490,4131393.104074,2048,1000,8
4131393.113727,4131399.269569,2048,1000,9
4131399.275104,4131403.942917,2048,1000,10
4131403.948244,4131408.855455,2048,1000,11
4131408.861565,4131412.977972,2048,1000,12
4131412.983187,4131418.093635,2048,1000,13
4131418.100794,4131422.361203,2048,1000,14
4131422.366695,4131457.704429,2048,1000,1
4131457.714308,4131478.004412,2048,1000,2
4131478.014957,4131492.452774,2048,1000,3
4131492.457905,4131504.400087,2048,1000,4
4131504.409933,4131514.138912,2048,1000,5
4131514.145554,4131521.343736,2048,1000,6
4131521.349472,4131528.429405,2048,1000,7
4131528.434795,4131534.103214,2048,1000,8
4131534.110827,4131540.038765,2048,1000,9
4131540.044585,4131544.578690,2048,1000,10
4131544.583714,4131549.257727,2048,1000,11
4131549.263876,4131553.419139,2048,1000,12
4131553.424341,4131557.440842,2048,1000,13
4131557.448593,4131560.907632,2048,1000,14
4131811.562705,4131951.692632,4096,1000,1
4131951.709529,4132030.531184,4096,1000,2
4132030.547672,4132099.638259,4096,1000,3
4132099.648428,4132148.393855,4096,1000,4
4132148.403900,4132184.819942,4096,1000,5
4132184.837825,4132216.851547,4096,1000,6
4132216.860401,4132242.746594,4096,1000,7
4132242.754674,4132267.792931,4096,1000,8
4132267.801808,4132289.329910,4096,1000,9
4132289.338836,4132306.403730,4096,1000,10
4132306.411293,4132325.254401,4096,1000,11
4132325.263111,4132339.747625,4096,1000,12
4132339.755345,4132354.150723,4096,1000,13
4132354.158783,4132370.627011,4096,1000,14
4132370.634875,4132511.721906,4096,1000,1
4132511.738707,4132591.206590,4096,1000,2
4132591.223106,4132651.342868,4096,1000,3
4132651.349792,4132701.896415,4096,1000,4
4132701.913263,4132739.557765,4096,1000,5
4132739.575041,4132772.785584,4096,1000,6
4132772.800043,4132800.380867,4096,1000,7
4132800.397287,4132825.295660,4096,1000,8
4132825.303907,4132846.174457,4096,1000,9
4132846.181977,4132866.093618,4096,1000,10
4132866.101183,4132884.188717,4096,1000,11
4132884.196573,4132899.499934,4096,1000,12
4132899.507768,4132915.993256,4096,1000,13
4132916.001180,4132928.367761,4096,1000,14
4132928.375614,4133069.074039,4096,1000,1
4133069.091425,4133150.175485,4096,1000,2
4133150.192625,4133211.290983,4096,1000,3
4133211.307477,4133261.402217,4096,1000,4
4133261.411141,4133295.894500,4096,1000,5
4133295.903048,4133328.396415,4096,1000,6
4133328.405327,4133355.895562,4096,1000,7
4133355.911592,4133379.355843,4096,1000,8
4133379.363882,4133400.835697,4096,1000,9
4133400.844443,4133418.913831,4096,1000,10
4133418.921544,4133437.856717,4096,1000,11
4133437.865152,4133452.470007,4096,1000,12
4133452.479813,4133469.418698,4096,1000,13
4133469.434529,4133481.976075,4096,1000,14
4133481.984087,4133621.896954,4096,1000,1
4133621.914207,4133700.901405,4096,1000,2
4133700.917812,4133759.813283,4096,1000,3
4133759.830789,4133808.399093,4096,1000,4
4133808.411438,4133842.973558,4096,1000,5
4133842.988500,4133875.468588,4096,1000,6
4133875.485196,4133902.836397,4096,1000,7
4133902.844638,4133927.529197,4096,1000,8
4133927.537377,4133948.324844,4096,1000,9
4133948.337953,4133967.993062,4096,1000,10
4133968.000718,4133986.960605,4096,1000,11
4133986.968712,4134001.432036,4096,1000,12
4134001.443483,4134021.071522,4096,1000,13
4134021.079200,4134035.747750,4096,1000,14
4134035.755148,4134177.595829,4096,1000,1
4134177.611709,4134257.126198,4096,1000,2
4134257.143201,4134320.960938,4096,1000,3
4134320.977565,4134368.806873,4096,1000,4
4134368.816219,4134405.304372,4096,1000,5
4134405.320434,4134438.740365,4096,1000,6
4134438.756385,4134465.777812,4096,1000,7
4134465.786023,4134490.332644,4096,1000,8
4134490.340944,4134511.607144,4096,1000,9
4134511.622772,4134530.727044,4096,1000,10
4134530.734995,4134549.552922,4096,1000,11
4134549.561586,4134564.703100,4096,1000,12
4134564.715934,4134580.563256,4096,1000,13
4134580.572870,4134598.115989,4096,1000,14
4134598.123815,4134737.639064,4096,1000,1
4134737.658142,4134815.387511,4096,1000,2
4134815.404333,4134877.611976,4096,1000,3
4134877.627825,4134926.444482,4096,1000,4
4134926.454942,4134962.702206,4096,1000,5
4134962.717671,4134996.220071,4096,1000,6
4134996.228680,4135024.369444,4096,1000,7
4135024.377659,4135048.972583,4096,1000,8
4135048.980866,4135070.196440,4096,1000,9
4135070.205503,4135088.343541,4096,1000,10
4135088.351048,4135107.188239,4096,1000,11
4135107.198201,4135122.531181,4096,1000,12
4135122.539796,4135142.385364,4096,1000,13
4135142.394028,4135155.295744,4096,1000,14
4135155.303657,4135296.032433,4096,1000,1
4135296.053317,4135374.733684,4096,1000,2
4135374.749844,4135434.025211,4096,1000,3
4135434.041314,4135481.598595,4096,1000,4
4135481.616577,4135518.600030,4096,1000,5
4135518.608890,4135551.414753,4096,1000,6
4135551.424009,4135577.611636,4096,1000,7
4135577.619903,4135602.411640,4096,1000,8
4135602.420403,4135623.837895,4096,1000,9
4135623.847235,4135641.368680,4096,1000,10
4135641.376553,4135659.724892,4096,1000,11
4135659.733262,4135674.624642,4096,1000,12
4135674.632537,4135689.756608,4096,1000,13
4135689.764979,4135702.516615,4096,1000,14
4135702.524703,4135845.984074,4096,1000,1
4135845.994241,4135926.995978,4096,1000,2
4135927.013013,4135986.392622,4096,1000,3
4135986.401689,4136034.795032,4096,1000,4
4136034.803612,4136070.687990,4096,1000,5
4136070.704825,4136103.895630,4096,1000,6
4136103.903056,4136131.022624,4096,1000,7
4136131.031134,4136155.854070,4096,1000,8
4136155.869909,4136177.605386,4096,1000,9
4136177.613585,4136195.747946,4096,1000,10
4136195.755911,4136214.645451,4096,1000,11
4136214.654581,4136229.670823,4096,1000,12
4136229.678534,4136246.419635,4096,1000,13
4136246.426780,4136259.348012,4096,1000,14
4136259.355905,4136399.551133,4096,1000,1
4136399.567822,4136479.336578,4096,1000,2
4136479.352388,4136541.850984,4096,1000,3
4136541.868118,4136592.479815,4096,1000,4
4136592.488529,4136628.488259,4096,1000,5
4136628.495669,4136660.834571,4096,1000,6
4136660.843554,4136689.083717,4096,1000,7
4136689.100540,4136713.369200,4096,1000,8
4136713.377434,4136734.970117,4096,1000,9
4136734.978092,4136753.028021,4096,1000,10
4136753.037409,4136772.241918,4096,1000,11
4136772.250999,4136786.617753,4096,1000,12
4136786.625892,4136802.189282,4096,1000,13
4136802.197624,4136815.056979,4096,1000,14
4136815.064862,4136955.365442,4096,1000,1
4136955.382733,4137035.541736,4096,1000,2
4137035.558331,4137099.549873,4096,1000,3
4137099.565342,4137150.548440,4096,1000,4
4137150.565849,4137188.212728,4096,1000,5
4137188.228087,4137221.455387,4096,1000,6
4137221.463307,4137248.878164,4096,1000,7
4137248.888587,4137273.366164,4096,1000,8
4137273.381727,4137294.416906,4096,1000,9
4137294.424955,4137312.074913,4096,1000,10
4137312.083172,4137330.775441,4096,1000,11
4137330.783519,4137345.768217,4096,1000,12
4137345.776568,4137361.928762,4096,1000,13
4137361.949828,4137376.173135,4096,1000,14
4143591.266861,4143742.775345,4096,1000,1
4143742.790502,4143819.197021,4096,1000,2
4143819.213421,4143877.580523,4096,1000,3
4143877.587992,4143927.636906,4096,1000,4
4143927.645150,4143965.604699,4096,1000,5
4143965.620990,4143999.192559,4096,1000,6
4143999.200597,4144024.997188,4096,1000,7
4144025.005951,4144049.666811,4096,1000,8
4144049.682240,4144070.248045,4096,1000,9
4144070.256794,4144089.346581,4096,1000,10
4144089.355097,4144107.633123,4096,1000,11
4144107.643818,4144123.575589,4096,1000,12
4144123.583224,4144140.930800,4096,1000,13
4144140.938692,4144154.837740,4096,1000,14
4144154.845738,4144294.128865,4096,1000,1
4144294.145893,4144372.885453,4096,1000,2
4144372.902408,4144440.604218,4096,1000,3
4144440.612625,4144489.285561,4096,1000,4
4144489.293259,4144523.638742,4096,1000,5
4144523.654585,4144556.604061,4096,1000,6
4144556.612027,4144583.775793,4096,1000,7
4144583.791357,4144608.516288,4096,1000,8
4144608.524725,4144630.102089,4096,1000,9
4144630.114904,4144649.196364,4096,1000,10
4144649.204567,4144668.227120,4096,1000,11
4144668.236055,4144683.841886,4096,1000,12
4144683.850216,4144701.045298,4096,1000,13
4144701.053901,4144716.361994,4096,1000,14
4144716.369947,4144859.311624,4096,1000,1
4144859.328139,4144941.542572,4096,1000,2
4144941.550538,4145002.562173,4096,1000,3
4145002.570505,4145050.625875,4096,1000,4
4145050.633250,4145087.968544,4096,1000,5
4145087.983648,4145120.410268,4096,1000,6
4145120.420304,4145147.954877,4096,1000,7
4145147.972410,4145172.388683,4096,1000,8
4145172.397407,4145194.669952,4096,1000,9
4145194.678482,4145213.725782,4096,1000,10
4145213.733881,4145232.514445,4096,1000,11
4145232.523440,4145246.726765,4096,1000,12
4145246.734329,4145262.273263,4096,1000,13
4145262.281165,4145274.972682,4096,1000,14
4145274.985186,4145414.431069,4096,1000,1
4145414.450228,4145496.123091,4096,1000,2
4145496.133591,4145559.704471,4096,1000,3
4145559.725211,4145609.494481,4096,1000,4
4145609.504905,4145647.101789,4096,1000,5
4145647.110151,4145680.177729,4096,1000,6
4145680.187648,4145707.366543,4096,1000,7
4145707.375513,4145732.286593,4096,1000,8
4145732.295858,4145754.437474,4096,1000,9
4145754.448576,4145772.459552,4096,1000,10
4145772.476042,4145790.938332,4096,1000,11
4145790.955302,4145805.585681,4096,1000,12
4145805.593618,4145821.671486,4096,1000,13
4145821.679860,4145834.159996,4096,1000,14
4145834.168042,4145973.854859,4096,1000,1
4145973.873687,4146056.862833,4096,1000,2
4146056.876641,4146116.138127,4096,1000,3
4146116.154330,4146165.475733,4096,1000,4
4146165.485109,4146202.040193,4096,1000,5
4146202.047979,4146235.152543,4096,1000,6
4146235.170109,4146261.276724,4096,1000,7
4146261.284956,4146285.455453,4096,1000,8
4146285.466378,4146307.175146,4096,1000,9
4146307.183526,4146326.887600,4096,1000,10
4146326.894872,4146345.606298,4096,1000,11
4146345.616930,4146360.317143,4096,1000,12
4146360.326030,4146376.612372,4096,1000,13
4146376.626040,4146389.417069,4096,1000,14
4146389.424717,4146529.073395,4096,1000,1
4146529.089461,4146609.797353,4096,1000,2
4146609.811794,4146668.929531,4096,1000,3
4146668.946659,4146717.339387,4096,1000,4
4146717.346832,4146752.308276,4096,1000,5
4146752.325026,4146785.571963,4096,1000,6
4146785.579693,4146813.587294,4096,1000,7
4146813.594910,4146838.272636,4096,1000,8
4146838.288354,4146859.622140,4096,1000,9
4146859.633585,4146878.035821,4096,1000,10
4146878.043385,4146896.534831,4096,1000,11
4146896.543449,4146911.324819,4096,1000,12
4146911.332222,4146926.824383,4096,1000,13
4146926.837911,4146939.364328,4096,1000,14
4146939.372199,4147088.674272,4096,1000,1
4147088.691262,4147169.097519,4096,1000,2
4147169.106167,4147225.104191,4096,1000,3
4147225.111074,4147273.810919,4096,1000,4
4147273.819145,4147311.651393,4096,1000,5
4147311.667734,4147344.490525,4096,1000,6
4147344.500233,4147371.883041,4096,1000,7
4147371.891488,4147395.794370,4096,1000,8
4147395.810800,4147417.074328,4096,1000,9
4147417.081798,4147436.821944,4096,1000,10
4147436.829867,4147455.925068,4096,1000,11
4147455.933348,4147470.629155,4096,1000,12
4147470.638470,4147486.533717,4096,1000,13
4147486.542103,4147500.666247,4096,1000,14
4147500.673840,4147642.783614,4096,1000,1
4147642.791879,4147723.275638,4096,1000,2
4147723.284049,4147777.735583,4096,1000,3
4147777.742866,4147827.048858,4096,1000,4
4147827.057348,4147862.215303,4096,1000,5
4147862.231880,4147894.714830,4096,1000,6
4147894.723309,4147921.234855,4096,1000,7
4147921.242445,4147945.499845,4096,1000,8
4147945.508426,4147966.971390,4096,1000,9
4147966.980172,4147986.679367,4096,1000,10
4147986.687794,4148005.084081,4096,1000,11
4148005.100437,4148019.747296,4096,1000,12
4148019.755432,4148035.512567,4096,1000,13
4148035.520533,4148048.604223,4096,1000,14
4148048.611960,4148188.816668,4096,1000,1
4148188.834142,4148268.699547,4096,1000,2
4148268.716282,4148332.501025,4096,1000,3
4148332.516352,4148380.412015,4096,1000,4
4148380.429249,4148418.001518,4096,1000,5
4148418.009435,4148451.418581,4096,1000,6
4148451.428019,4148478.490527,4096,1000,7
4148478.498159,4148503.340802,4096,1000,8
4148503.349192,4148524.487401,4096,1000,9
4148524.495687,4148544.615388,4096,1000,10
4148544.631829,4148563.361876,4096,1000,11
4148563.370249,4148577.901086,4096,1000,12
4148577.908576,4148593.744360,4096,1000,13
4148593.752256,4148606.265057,4096,1000,14
4148606.273030,4148745.949596,4096,1000,1
4148745.966345,4148821.197773,4096,1000,2
4148821.205294,4148886.225638,4096,1000,3
4148886.242308,4148937.148250,4096,1000,4
4148937.164520,4148973.243454,4096,1000,5
4148973.251051,4149006.146618,4096,1000,6
4149006.155016,4149033.415676,4096,1000,7
4149033.431870,4149057.811102,4096,1000,8
4149057.820535,4149079.132167,4096,1000,9
4149079.141515,4149099.452441,4096,1000,10
4149099.466552,4149118.137495,4096,1000,11
4149118.145652,4149132.850038,4096,1000,12
4149132.867249,4149148.902406,4096,1000,13
4149148.910603,4149161.541889,4096,1000,14
4149161.554394,4149301.062701,4096,1000,1
4149301.077143,4149380.581737,4096,1000,2
4149380.598026,4149440.353054,4096,1000,3
4149440.369835,4149489.956303,4096,1000,4
4149489.964672,4149527.313324,4096,1000,5
4149527.332145,4149560.182719,4096,1000,6
4149560.191629,4149586.657686,4096,1000,7
4149586.665514,4149611.589590,4096,1000,8
4149611.598754,4149633.072372,4096,1000,9
4149633.088688,4149653.001228,4096,1000,10
4149653.012880,4149671.898553,4096,1000,11
4149671.907228,4149686.449986,4096,1000,12
4149686.460334,4149702.929918,4096,1000,13
4149702.939532,4149715.813256,4096,1000,14
4149715.821766,4149857.191064,4096,1000,1
4149857.201548,4149938.611646,4096,1000,2
4149938.621599,4149994.421695,4096,1000,3
4149994.428805,4150041.706663,4096,1000,4
4150041.715444,4150078.639089,4096,1000,5
4150078.647561,4150111.801137,4096,1000,6
4150111.809155,4150141.209977,4096,1000,7
4150141.219807,4150166.066686,4096,1000,8
4150166.074581,4150187.559016,4096,1000,9
4150187.574599,4150207.484204,4096,1000,10
4150207.493435,4150226.172048,4096,1000,11
4150226.180952,4150240.718871,4096,1000,12
4150240.726901,4150258.260838,4096,1000,13
4150258.269168,4150271.962713,4096,1000,14
4150271.970214,4150420.609662,4096,1000,1
4150420.620470,4150498.951979,4096,1000,2
4150498.968384,4150562.756050,4096,1000,3
4150562.764370,4150611.667817,4096,1000,4
4150611.676857,4150647.163993,4096,1000,5
4150647.174065,4150680.185165,4096,1000,6
4150680.202298,4150707.181440,4096,1000,7
4150707.195776,4150731.985251,4096,1000,8
4150731.993508,4150752.929009,4096,1000,9
4150752.949067,4150770.752364,4096,1000,10
4150770.760550,4150789.241508,4096,1000,11
4150789.257237,4150804.269059,4096,1000,12
4150804.280460,4150819.802497,4096,1000,13
4150819.810647,4150832.341421,4096,1000,14
